date,ths_target,jq_target,target_match,ths_passed,jq_passed,top_overlap,ths_top1,jq_top1,score_delta_json
2020-07-17,161226,159980,False,3.0,4,3,161226,159980,"[{""code"": ""161226"", ""score_diff"": 0.0, ""price_diff"": 0.0, ""volume_diff"": 23100.0}, {""code"": ""513030"", ""score_diff"": 0.0, ""price_diff"": 0.0, ""volume_diff"": 3000.0}, {""code"": ""513500"", ""score_diff"": 0.0, ""price_diff"": 0.0, ""volume_diff"": 5900.0}]"
2020-12-14,501018,159980,False,2.0,3,2,501018,159980,"[{""code"": ""501018"", ""score_diff"": 0.0, ""price_diff"": 0.0, ""volume_diff"": 351300.0}, {""code"": ""513500"", ""score_diff"": 0.0, ""price_diff"": 0.0, ""volume_diff"": 480900.0}]"
2021-04-20,512480,512690,False,30.0,31,10,512480,512690,"[{""code"": ""159967"", ""score_diff"": 0.0, ""price_diff"": 0.0, ""volume_diff"": 2414715.0}, {""code"": ""159981"", ""score_diff"": 0.0, ""price_diff"": 0.0, ""volume_diff"": 1000.0}, {""code"": ""159995"", ""score_diff"": 0.0, ""price_diff"": 0.0, ""volume_diff"": 239400.0}, {""code"": ""512480"", ""score_diff"": 0.601, ""price_diff"": 0.0, ""volume_diff"": 410300.0}, {""code"": ""512690"", ""score_diff"": 0.0, ""price_diff"": 0.0, ""volume_diff"": 514400.0}, {""code"": ""513030"", ""score_diff"": 0.0, ""price_diff"": 0.0, ""volume_diff"": NaN}, {""code"": ""513100"", ""score_diff"": 0.0, ""price_diff"": 0.0, ""volume_diff"": 3800.0}, {""code"": ""513500"", ""score_diff"": 0.0, ""price_diff"": 0.0, ""volume_diff"": 32300.0}, {""code"": ""515170"", ""score_diff"": 0.0, ""price_diff"": 0.0, ""volume_diff"": 338800.0}, {""code"": ""515210"", ""score_diff"": 0.0, ""price_diff"": 0.0, ""volume_diff"": 5200.0}]"
2021-05-26,512690,512010,False,21.0,22,10,512690,512010,"[{""code"": ""159915"", ""score_diff"": 0.0, ""price_diff"": 0.0, ""volume_diff"": 219400.0}, {""code"": ""159949"", ""score_diff"": 0.0, ""price_diff"": 0.0, ""volume_diff"": 682600.0}, {""code"": ""159967"", ""score_diff"": 0.0, ""price_diff"": 0.0, ""volume_diff"": 180200.0}, {""code"": ""159992"", ""score_diff"": 0.0, ""price_diff"": 0.0, ""volume_diff"": 6300.0}, {""code"": ""512010"", ""score_diff"": 0.0, ""price_diff"": 0.0, ""volume_diff"": 15500.0}, {""code"": ""512170"", ""score_diff"": 0.0, ""price_diff"": 0.0, ""volume_diff"": 72400.0}, {""code"": ""512690"", ""score_diff"": 0.7876000000000001, ""price_diff"": 0.0, ""volume_diff"": 343900.0}, {""code"": ""515030"", ""score_diff"": 0.0, ""price_diff"": 0.0, ""volume_diff"": 216200.0}, {""code"": ""515120"", ""score_diff"": 0.0, ""price_diff"": 0.0, ""volume_diff"": 5500.0}, {""code"": ""515170"", ""score_diff"": 0.0, ""price_diff"": 0.0, ""volume_diff"": 287600.0}]"
2021-05-27,512690,512170,False,22.0,24,10,512690,512170,"[{""code"": ""159915"", ""score_diff"": 0.0, ""price_diff"": 0.0, ""volume_diff"": 189000.0}, {""code"": ""159949"", ""score_diff"": 0.0, ""price_diff"": 0.0, ""volume_diff"": 525600.0}, {""code"": ""159967"", ""score_diff"": 0.0, ""price_diff"": 0.0, ""volume_diff"": 225800.0}, {""code"": ""159992"", ""score_diff"": 0.0, ""price_diff"": 0.0, ""volume_diff"": 59200.0}, {""code"": ""512010"", ""score_diff"": 0.0, ""price_diff"": 0.0, ""volume_diff"": 57100.0}, {""code"": ""512170"", ""score_diff"": 0.0, ""price_diff"": 0.0, ""volume_diff"": 541900.0}, {""code"": ""512690"", ""score_diff"": 0.9051000000000002, ""price_diff"": 0.0, ""volume_diff"": 480400.0}, {""code"": ""515030"", ""score_diff"": 0.0, ""price_diff"": 0.0, ""volume_diff"": 445000.0}, {""code"": ""515120"", ""score_diff"": 0.0, ""price_diff"": 0.0, ""volume_diff"": 1000.0}, {""code"": ""515170"", ""score_diff"": 0.0, ""price_diff"": 0.0, ""volume_diff"": 461000.0}]"
2021-05-28,512690,159949,False,29.0,30,9,512690,159949,"[{""code"": ""159915"", ""score_diff"": 0.0, ""price_diff"": 0.0, ""volume_diff"": 614900.0}, {""code"": ""159949"", ""score_diff"": 0.0, ""price_diff"": 0.0, ""volume_diff"": 2327100.0}, {""code"": ""159967"", ""score_diff"": 0.0, ""price_diff"": 0.0, ""volume_diff"": 377800.0}, {""code"": ""512010"", ""score_diff"": 0.0, ""price_diff"": 0.0, ""volume_diff"": 149600.0}, {""code"": ""512170"", ""score_diff"": 0.0, ""price_diff"": 0.0, ""volume_diff"": 576300.0}, {""code"": ""512690"", ""score_diff"": 1.0464, ""price_diff"": 0.0, ""volume_diff"": 2250700.0}, {""code"": ""512880"", ""score_diff"": 0.0, ""price_diff"": 0.0, ""volume_diff"": 12503800.0}, {""code"": ""515030"", ""score_diff"": 0.0, ""price_diff"": 0.0, ""volume_diff"": 1762300.0}, {""code"": ""515170"", ""score_diff"": 0.0, ""price_diff"": 0.0, ""volume_diff"": 1831400.0}]"
2021-05-31,512690,515030,False,33.0,34,9,512690,515030,"[{""code"": ""159915"", ""score_diff"": 0.0, ""price_diff"": 0.0, ""volume_diff"": 105100.0}, {""code"": ""159949"", ""score_diff"": 0.0, ""price_diff"": 0.0, ""volume_diff"": 704200.0}, {""code"": ""159967"", ""score_diff"": 0.0, ""price_diff"": 0.0, ""volume_diff"": 101900.0}, {""code"": ""512170"", ""score_diff"": 0.0, ""price_diff"": 0.0, ""volume_diff"": 1615900.0}, {""code"": ""512670"", ""score_diff"": 0.0, ""price_diff"": 0.0, ""volume_diff"": 25900.0}, {""code"": ""512690"", ""score_diff"": 1.1005, ""price_diff"": 0.0, ""volume_diff"": 389300.0}, {""code"": ""512880"", ""score_diff"": 0.0, ""price_diff"": 0.0, ""volume_diff"": 2035000.0}, {""code"": ""515030"", ""score_diff"": 0.0, ""price_diff"": 0.0, ""volume_diff"": 150600.0}, {""code"": ""515170"", ""score_diff"": 0.0, ""price_diff"": 0.0, ""volume_diff"": 366500.0}]"
2021-06-03,512690,512670,False,42.0,43,9,512690,512670,"[{""code"": ""159915"", ""score_diff"": 0.0, ""price_diff"": 0.0, ""volume_diff"": 214500.0}, {""code"": ""159949"", ""score_diff"": 0.0, ""price_diff"": 0.0, ""volume_diff"": 2044500.0}, {""code"": ""512660"", ""score_diff"": 0.0, ""price_diff"": 0.0, ""volume_diff"": 1127000.0}, {""code"": ""512670"", ""score_diff"": 0.0, ""price_diff"": 0.0, ""volume_diff"": 1045200.0}, {""code"": ""512690"", ""score_diff"": 1.3136, ""price_diff"": 0.0, ""volume_diff"": 723700.0}, {""code"": ""512710"", ""score_diff"": 0.0, ""price_diff"": 0.0, ""volume_diff"": 240100.0}, {""code"": ""512880"", ""score_diff"": 0.0, ""price_diff"": 0.0, ""volume_diff"": 916100.0}, {""code"": ""515170"", ""score_diff"": 0.0, ""price_diff"": 0.0, ""volume_diff"": 157900.0}, {""code"": ""588080"", ""score_diff"": 0.0, ""price_diff"": 0.0, ""volume_diff"": 203177.0}]"
2021-07-01,515030,516160,False,18.0,20,9,515030,516160,"[{""code"": ""159851"", ""score_diff"": 0.0, ""price_diff"": 0.0, ""volume_diff"": NaN}, {""code"": ""159967"", ""score_diff"": 0.0, ""price_diff"": 0.0, ""volume_diff"": 1054642.0}, {""code"": ""501018"", ""score_diff"": 0.0, ""price_diff"": 0.0, ""volume_diff"": 22600.0}, {""code"": ""513100"", ""score_diff"": 0.0, ""price_diff"": 0.0, ""volume_diff"": 151000.0}, {""code"": ""515030"", ""score_diff"": 0.0, ""price_diff"": 0.0, ""volume_diff"": 44000.0}, {""code"": ""515050"", ""score_diff"": 0.0, ""price_diff"": 0.0, ""volume_diff"": 2417200.0}, {""code"": ""515880"", ""score_diff"": 0.0, ""price_diff"": 0.0, ""volume_diff"": 15500.0}, {""code"": ""516520"", ""score_diff"": 0.0, ""price_diff"": 0.0, ""volume_diff"": NaN}, {""code"": ""588080"", ""score_diff"": 0.0, ""price_diff"": 0.0, ""volume_diff"": 431628.0}]"
2021-07-02,515030,516160,False,15.0,16,9,515030,516160,"[{""code"": ""159949"", ""score_diff"": 0.0, ""price_diff"": 0.0, ""volume_diff"": 2507800.0}, {""code"": ""159967"", ""score_diff"": 0.0, ""price_diff"": 0.0, ""volume_diff"": 301375.0}, {""code"": ""501018"", ""score_diff"": 0.0, ""price_diff"": 0.0, ""volume_diff"": 19500.0}, {""code"": ""513100"", ""score_diff"": 0.0, ""price_diff"": 0.0, ""volume_diff"": 8400.0}, {""code"": ""515030"", ""score_diff"": 0.0, ""price_diff"": 0.0, ""volume_diff"": 1744500.0}, {""code"": ""515050"", ""score_diff"": 0.0, ""price_diff"": 0.0, ""volume_diff"": 711400.0}, {""code"": ""515980"", ""score_diff"": 0.0, ""price_diff"": 0.0, ""volume_diff"": NaN}, {""code"": ""516520"", ""score_diff"": 0.0, ""price_diff"": 0.0, ""volume_diff"": 52000.0}, {""code"": ""588080"", ""score_diff"": 0.0, ""price_diff"": 0.0, ""volume_diff"": 189924.0}]"
2021-07-21,,159985,False,,1,0,,159985,[]
2021-08-31,512400,516150,False,17.0,19,9,512400,516150,"[{""code"": ""159766"", ""score_diff"": 0.0, ""price_diff"": 0.0, ""volume_diff"": 3100.0}, {""code"": ""510880"", ""score_diff"": 0.0, ""price_diff"": 0.0, ""volume_diff"": 50900.0}, {""code"": ""512400"", ""score_diff"": 0.0, ""price_diff"": 0.0, ""volume_diff"": 582400.0}, {""code"": ""512660"", ""score_diff"": 0.0, ""price_diff"": 0.0, ""volume_diff"": 624100.0}, {""code"": ""512670"", ""score_diff"": -0.11580000000000013, ""price_diff"": 0.0, ""volume_diff"": 974000.0}, {""code"": ""512710"", ""score_diff"": 0.0, ""price_diff"": 0.0, ""volume_diff"": 106200.0}, {""code"": ""512880"", ""score_diff"": 0.0, ""price_diff"": 0.0, ""volume_diff"": 19392800.0}, {""code"": ""512890"", ""score_diff"": 0.0, ""price_diff"": 0.0, ""volume_diff"": NaN}, {""code"": ""515790"", ""score_diff"": 0.0, ""price_diff"": 0.0, ""volume_diff"": 1149900.0}]"
2021-09-10,512890,516150,False,18.0,18,9,512890,516150,"[{""code"": ""159766"", ""score_diff"": 0.0, ""price_diff"": 0.0, ""volume_diff"": 87000.0}, {""code"": ""159981"", ""score_diff"": 0.0, ""price_diff"": 0.0, ""volume_diff"": 800.0}, {""code"": ""510500"", ""score_diff"": 0.0, ""price_diff"": 0.0, ""volume_diff"": 3365700.0}, {""code"": ""512400"", ""score_diff"": 0.0, ""price_diff"": 0.0, ""volume_diff"": 130200.0}, {""code"": ""512880"", ""score_diff"": 0.0, ""price_diff"": 0.0, ""volume_diff"": 4261000.0}, {""code"": ""512890"", ""score_diff"": 0.0, ""price_diff"": 0.0, ""volume_diff"": NaN}, {""code"": ""512980"", ""score_diff"": 0.0, ""price_diff"": 0.0, ""volume_diff"": 66000.0}, {""code"": ""513090"", ""score_diff"": 0.0, ""price_diff"": 0.0, ""volume_diff"": 1179800.0}, {""code"": ""513520"", ""score_diff"": 0.0, ""price_diff"": 0.0, ""volume_diff"": NaN}]"
2021-11-30,516520,516150,False,27.0,29,9,516520,516150,"[{""code"": ""159732"", ""score_diff"": 0.0, ""price_diff"": 0.0, ""volume_diff"": 2000.0}, {""code"": ""159851"", ""score_diff"": 0.0, ""price_diff"": 0.0, ""volume_diff"": 1200.0}, {""code"": ""512100"", ""score_diff"": 0.0, ""price_diff"": 0.0, ""volume_diff"": 3270100.0}, {""code"": ""512660"", ""score_diff"": 0.0, ""price_diff"": 0.0, ""volume_diff"": 982400.0}, {""code"": ""512670"", ""score_diff"": 0.0, ""price_diff"": 0.0, ""volume_diff"": 57700.0}, {""code"": ""515050"", ""score_diff"": 0.0, ""price_diff"": 0.0, ""volume_diff"": 56900.0}, {""code"": ""515880"", ""score_diff"": 0.0, ""price_diff"": 0.0, ""volume_diff"": 26000.0}, {""code"": ""516520"", ""score_diff"": 0.0, ""price_diff"": 0.0, ""volume_diff"": NaN}, {""code"": ""562800"", ""score_diff"": 0.0, ""price_diff"": 0.0, ""volume_diff"": 1500.0}]"
2021-12-01,562800,516150,False,29.0,30,9,562800,516150,"[{""code"": ""159732"", ""score_diff"": 0.0, ""price_diff"": 0.0, ""volume_diff"": NaN}, {""code"": ""159851"", ""score_diff"": 0.0, ""price_diff"": 0.0, ""volume_diff"": 123500.0}, {""code"": ""512100"", ""score_diff"": 0.0, ""price_diff"": 0.0, ""volume_diff"": 700.0}, {""code"": ""512660"", ""score_diff"": 0.0, ""price_diff"": 0.0, ""volume_diff"": 1110600.0}, {""code"": ""512670"", ""score_diff"": 0.0, ""price_diff"": 0.0, ""volume_diff"": 22900.0}, {""code"": ""515050"", ""score_diff"": 0.0, ""price_diff"": 0.0, ""volume_diff"": 463500.0}, {""code"": ""515880"", ""score_diff"": 0.0, ""price_diff"": 0.0, ""volume_diff"": 577100.0}, {""code"": ""516520"", ""score_diff"": 0.0, ""price_diff"": 0.0, ""volume_diff"": 1400.0}, {""code"": ""562800"", ""score_diff"": 0.0, ""price_diff"": 0.0, ""volume_diff"": 35000.0}]"
2021-12-09,562800,516150,False,22.0,23,9,562800,516150,"[{""code"": ""159732"", ""score_diff"": 0.0, ""price_diff"": 0.0, ""volume_diff"": 300.0}, {""code"": ""159851"", ""score_diff"": 0.0, ""price_diff"": 0.0, ""volume_diff"": 12800.0}, {""code"": ""512200"", ""score_diff"": 0.0, ""price_diff"": 0.0, ""volume_diff"": 999500.0}, {""code"": ""512400"", ""score_diff"": 0.0, ""price_diff"": 0.0, ""volume_diff"": 49000.0}, {""code"": ""512690"", ""score_diff"": 0.0, ""price_diff"": 0.0, ""volume_diff"": 1707900.0}, {""code"": ""515210"", ""score_diff"": 0.0, ""price_diff"": 0.0, ""volume_diff"": 219800.0}, {""code"": ""515220"", ""score_diff"": 0.0, ""price_diff"": 0.0, ""volume_diff"": 157700.0}, {""code"": ""516520"", ""score_diff"": 0.0, ""price_diff"": 0.0, ""volume_diff"": 3000.0}, {""code"": ""562800"", ""score_diff"": 0.0, ""price_diff"": 0.0, ""volume_diff"": 532300.0}]"
2021-12-10,512690,516150,False,23.0,24,9,512690,516150,"[{""code"": ""159732"", ""score_diff"": 0.0, ""price_diff"": 0.0, ""volume_diff"": 1000.0}, {""code"": ""159851"", ""score_diff"": 0.0, ""price_diff"": 0.0, ""volume_diff"": NaN}, {""code"": ""512400"", ""score_diff"": 0.0, ""price_diff"": 0.0, ""volume_diff"": 44500.0}, {""code"": ""512690"", ""score_diff"": 0.0, ""price_diff"": 0.0, ""volume_diff"": 1344400.0}, {""code"": ""515170"", ""score_diff"": 0.0, ""price_diff"": 0.0, ""volume_diff"": 758700.0}, {""code"": ""515210"", ""score_diff"": 0.0, ""price_diff"": 0.0, ""volume_diff"": 64100.0}, {""code"": ""515220"", ""score_diff"": 0.0, ""price_diff"": 0.0, ""volume_diff"": 62600.0}, {""code"": ""516520"", ""score_diff"": 0.0, ""price_diff"": 0.0, ""volume_diff"": NaN}, {""code"": ""562800"", ""score_diff"": 0.0, ""price_diff"": 0.0, ""volume_diff"": 30800.0}]"
2022-03-29,513500,513100,False,4.0,3,3,513500,513100,"[{""code"": ""159980"", ""score_diff"": 0.0, ""price_diff"": 0.0, ""volume_diff"": 3100.0}, {""code"": ""513030"", ""score_diff"": 0.0, ""price_diff"": 0.0, ""volume_diff"": 31000.0}, {""code"": ""513100"", ""score_diff"": 0.0, ""price_diff"": 0.0, ""volume_diff"": 58500.0}]"
2024-11-25,159529,159518,False,4.0,5,4,159529,159518,"[{""code"": ""159529"", ""score_diff"": 0.0, ""price_diff"": 0.0, ""volume_diff"": 957200.0}, {""code"": ""513100"", ""score_diff"": 0.0, ""price_diff"": 0.0, ""volume_diff"": 232100.0}, {""code"": ""513400"", ""score_diff"": 0.0, ""price_diff"": 0.0, ""volume_diff"": 2146000.0}, {""code"": ""513500"", ""score_diff"": 0.0, ""price_diff"": 0.0, ""volume_diff"": 431000.0}]"
2025-07-22,515210,516150,False,84.0,86,9,515210,516150,"[{""code"": ""159509"", ""score_diff"": 0.0, ""price_diff"": 0.0, ""volume_diff"": 3130800.0}, {""code"": ""159949"", ""score_diff"": 0.0, ""price_diff"": 0.0, ""volume_diff"": 270400.0}, {""code"": ""159992"", ""score_diff"": 0.0, ""price_diff"": 0.0, ""volume_diff"": 282200.0}, {""code"": ""515120"", ""score_diff"": 0.0, ""price_diff"": 0.0, ""volume_diff"": 191700.0}, {""code"": ""515210"", ""score_diff"": 0.0, ""price_diff"": 0.0, ""volume_diff"": 2106800.0}, {""code"": ""515790"", ""score_diff"": 0.0, ""price_diff"": 0.0, ""volume_diff"": 2115300.0}, {""code"": ""516510"", ""score_diff"": 0.0, ""price_diff"": 0.0, ""volume_diff"": 146000.0}, {""code"": ""560860"", ""score_diff"": 0.0, ""price_diff"": 0.0, ""volume_diff"": 841500.0}, {""code"": ""562800"", ""score_diff"": 0.0, ""price_diff"": 0.0, ""volume_diff"": 109100.0}]"
2025-09-04,515790,516160,False,37.0,38,9,515790,516160,"[{""code"": ""159870"", ""score_diff"": 0.0, ""price_diff"": 0.0, ""volume_diff"": 3760700.0}, {""code"": ""510300"", ""score_diff"": 0.0, ""price_diff"": 0.0, ""volume_diff"": 5837600.0}, {""code"": ""510500"", ""score_diff"": 0.0, ""price_diff"": 0.0, ""volume_diff"": 1296332.0}, {""code"": ""512050"", ""score_diff"": 0.0, ""price_diff"": 0.0, ""volume_diff"": 24873900.0}, {""code"": ""512980"", ""score_diff"": 0.0, ""price_diff"": 0.0, ""volume_diff"": 203600.0}, {""code"": ""515030"", ""score_diff"": 0.0, ""price_diff"": 0.0, ""volume_diff"": 140300.0}, {""code"": ""515790"", ""score_diff"": 0.0, ""price_diff"": 0.0, ""volume_diff"": 9736700.0}, {""code"": ""516520"", ""score_diff"": 0.0, ""price_diff"": 0.0, ""volume_diff"": 84100.0}, {""code"": ""562500"", ""score_diff"": 0.0, ""price_diff"": 0.0, ""volume_diff"": 5146600.0}]"
2025-09-09,562800,516150,False,45.0,46,9,562800,516150,"[{""code"": ""159667"", ""score_diff"": 0.0, ""price_diff"": 0.0, ""volume_diff"": 800.0}, {""code"": ""159732"", ""score_diff"": 0.0, ""price_diff"": 0.0, ""volume_diff"": 1809900.0}, {""code"": ""159870"", ""score_diff"": 0.0, ""price_diff"": 0.0, ""volume_diff"": 1813300.0}, {""code"": ""159967"", ""score_diff"": 0.0, ""price_diff"": 0.0, ""volume_diff"": 178600.0}, {""code"": ""512480"", ""score_diff"": 0.0, ""price_diff"": 0.0, ""volume_diff"": 822400.0}, {""code"": ""516510"", ""score_diff"": 0.0, ""price_diff"": 0.0, ""volume_diff"": 239900.0}, {""code"": ""516520"", ""score_diff"": 0.0, ""price_diff"": 0.0, ""volume_diff"": 1279300.0}, {""code"": ""562800"", ""score_diff"": 0.0, ""price_diff"": 0.0, ""volume_diff"": 106300.0}, {""code"": ""588220"", ""score_diff"": 0.0, ""price_diff"": 0.0, ""volume_diff"": 245600.0}]"
2025-11-14,159766,516160,False,31.0,32,9,159766,516160,"[{""code"": ""159326"", ""score_diff"": 0.0, ""price_diff"": 0.0, ""volume_diff"": 180700.0}, {""code"": ""159566"", ""score_diff"": 0.0, ""price_diff"": 0.0, ""volume_diff"": 351600.0}, {""code"": ""159766"", ""score_diff"": 0.0, ""price_diff"": 0.0, ""volume_diff"": 1554100.0}, {""code"": ""159870"", ""score_diff"": 0.0, ""price_diff"": 0.0, ""volume_diff"": 1491700.0}, {""code"": ""513190"", ""score_diff"": 0.0, ""price_diff"": 0.0, ""volume_diff"": 240100.0}, {""code"": ""513290"", ""score_diff"": 0.0, ""price_diff"": 0.0, ""volume_diff"": 461700.0}, {""code"": ""513310"", ""score_diff"": 0.0, ""price_diff"": 0.0, ""volume_diff"": 1432000.0}, {""code"": ""513920"", ""score_diff"": 0.0047000000000001485, ""price_diff"": 0.0, ""volume_diff"": 182100.0}, {""code"": ""561360"", ""score_diff"": 0.0, ""price_diff"": 0.0, ""volume_diff"": 2900.0}]"
2026-07-02,513290,159667,False,9.0,10,9,513290,159667,"[{""code"": ""159870"", ""score_diff"": 0.0, ""price_diff"": 0.0, ""volume_diff"": 1072700.0}, {""code"": ""510500"", ""score_diff"": 0.0, ""price_diff"": 0.0, ""volume_diff"": 269200.0}, {""code"": ""512070"", ""score_diff"": 0.0, ""price_diff"": 0.0, ""volume_diff"": 2960600.0}, {""code"": ""512100"", ""score_diff"": 0.0, ""price_diff"": 0.0, ""volume_diff"": 668900.0}, {""code"": ""512880"", ""score_diff"": 0.0, ""price_diff"": 0.0, ""volume_diff"": 18948200.0}, {""code"": ""513290"", ""score_diff"": 0.0, ""price_diff"": 0.0, ""volume_diff"": 3517700.0}, {""code"": ""513400"", ""score_diff"": 0.0, ""price_diff"": 0.0, ""volume_diff"": 94600.0}, {""code"": ""513520"", ""score_diff"": 0.0, ""price_diff"": 0.0, ""volume_diff"": 389100.0}, {""code"": ""562800"", ""score_diff"": 0.0, ""price_diff"": 0.0, ""volume_diff"": 229800.0}]"
